,Face_token,Image_name,Timestamp,Insta_user_id,Fpp_user_id,Gender,Age,Ethnicity,Bounding Box
0,338366619e81de8c32014c5e908c285b,16122509_1382665448472066_1189619685163794432_n.jpg,1484992811,43483916,338366619e81de8c32014c5e908c285b,Female,23,ASIAN,"{'width': 99, 'top': 281, 'left': 217, 'height': 99}"
1,aa15643355d4d0b3c2f4431ac346e6d5,23966804_320843471726746_7606960674098380800_n.jpg,1512053271,16561226,aa15643355d4d0b3c2f4431ac346e6d5,Female,41,ASIAN,"{'width': 80, 'top': 282, 'left': 134, 'height': 80}"
2,35d4e90e3cc2ce960f430326cbd30d9e,23966804_320843471726746_7606960674098380800_n.jpg,1512053271,16561226,35d4e90e3cc2ce960f430326cbd30d9e,Female,27,ASIAN,"{'width': 78, 'top': 296, 'left': 916, 'height': 78}"
3,516a7902b1f1618408bad7cdd50bb381,23966804_320843471726746_7606960674098380800_n.jpg,1512053271,16561226,516a7902b1f1618408bad7cdd50bb381,Female,56,ASIAN,"{'width': 64, 'top': 233, 'left': 297, 'height': 64}"
4,3d16cf4a2e7063d6ebba60a98cc93b0f,25037679_1593134127447402_8090951699641925632_n.jpg,1513606665,1252659765,3d16cf4a2e7063d6ebba60a98cc93b0f,Female,51,ASIAN,"{'width': 145, 'top': 523, 'left': 778, 'height': 145}"
5,7488084772aa7cfaab7c159840986ca3,25037679_1593134127447402_8090951699641925632_n.jpg,1513606665,1252659765,7488084772aa7cfaab7c159840986ca3,Female,36,ASIAN,"{'width': 90, 'top': 367, 'left': 718, 'height': 90}"
6,225a47c56960690a5eef2660e42b0aa5,25037679_1593134127447402_8090951699641925632_n.jpg,1513606665,1252659765,35d4e90e3cc2ce960f430326cbd30d9e,Female,26,ASIAN,"{'width': 81, 'top': 389, 'left': 133, 'height': 81}"
7,6967fe5469b8de5d244bb2085611cab8,25037679_1593134127447402_8090951699641925632_n.jpg,1513606665,1252659765,6967fe5469b8de5d244bb2085611cab8,Female,29,ASIAN,"{'width': 74, 'top': 271, 'left': 629, 'height': 74}"
8,23d762fbf09f18a731ce9c0c95c8bc93,38165396_637069633334536_5082213700182474752_n.jpg,1533549141,9789994,23d762fbf09f18a731ce9c0c95c8bc93,Female,42,BLACK,"{'width': 34, 'top': 566, 'left': 786, 'height': 34}"
9,44d654937750a119e2b442dc20207315,44481571_337647333701715_7258962497659358405_n.jpg,1542523244,1244770083,44d654937750a119e2b442dc20207315,Male,28,WHITE,"{'width': 58, 'top': 296, 'left': 97, 'height': 58}"
10,2d1e0326efd15f9014b4290e3142b975,44481571_337647333701715_7258962497659358405_n.jpg,1542523244,1244770083,2d1e0326efd15f9014b4290e3142b975,Male,33,ASIAN,"{'width': 58, 'top': 359, 'left': 406, 'height': 58}"
11,fd7b4cd107a65904ddc0a29b8a50b8e4,44481571_337647333701715_7258962497659358405_n.jpg,1542523244,1244770083,fd7b4cd107a65904ddc0a29b8a50b8e4,Male,32,ASIAN,"{'width': 53, 'top': 333, 'left': 671, 'height': 53}"
12,699d22e79b84b66943f4a5cc46dff3c7,44651384_2708130529412453_5233802585996009663_n.jpg,1542012967,266522025,699d22e79b84b66943f4a5cc46dff3c7,Male,23,ASIAN,"{'width': 43, 'top': 492, 'left': 676, 'height': 43}"
13,59e2107f8c56018c0ce7873e0c44ae51,44651384_2708130529412453_5233802585996009663_n.jpg,1542012967,266522025,59e2107f8c56018c0ce7873e0c44ae51,Male,44,ASIAN,"{'width': 44, 'top': 517, 'left': 559, 'height': 44}"
14,48ebab8d8ce1603442ca70fcaea17e5e,53716613_126206338474180_7817920954826441764_n.jpg,1554037927,272155281,48ebab8d8ce1603442ca70fcaea17e5e,Female,26,ASIAN,"{'width': 64, 'top': 348, 'left': 318, 'height': 64}"
15,631f0fe7072eecee31f963998d27f42c,53716613_126206338474180_7817920954826441764_n.jpg,1554037927,272155281,631f0fe7072eecee31f963998d27f42c,Female,28,ASIAN,"{'width': 63, 'top': 350, 'left': 531, 'height': 63}"
16,c74a0159153cde166044a2ebb62ee80c,53716613_126206338474180_7817920954826441764_n.jpg,1554037927,272155281,c74a0159153cde166044a2ebb62ee80c,Male,29,INDIA,"{'width': 61, 'top': 213, 'left': 267, 'height': 61}"
17,477c2fc518e16bc6a0c452dd026509b7,56915860_458430294895703_5252241806250688850_n.jpg,1556497450,1150624715,477c2fc518e16bc6a0c452dd026509b7,Female,23,WHITE,"{'width': 73, 'top': 629, 'left': 665, 'height': 73}"
18,8059ade743c6397720b400715f82b188,57128454_1070103453176522_682416490815719712_n.jpg,1556458993,2094514766,8059ade743c6397720b400715f82b188,Female,23,WHITE,"{'width': 336, 'top': 411, 'left': 57, 'height': 336}"
19,c831df1c5d755bc0c0d2652ee83a5f60,57156350_590700984759831_175584227388037086_n.jpg,1556472737,3126291584,c831df1c5d755bc0c0d2652ee83a5f60,Female,22,WHITE,"{'width': 77, 'top': 256, 'left': 359, 'height': 77}"
20,91dc2d2277719cccda2316af353fc234,57198870_147312649648161_7850497492444538746_n.jpg,1556459395,1255135159,91dc2d2277719cccda2316af353fc234,Female,33,ASIAN,"{'width': 101, 'top': 412, 'left': 462, 'height': 101}"
21,7762ef95c2b2be18bf02ce5509c6a66e,57488067_520631485140036_22260223707659005_n.jpg,1556361772,298460520,7762ef95c2b2be18bf02ce5509c6a66e,Female,22,ASIAN,"{'width': 217, 'top': 281, 'left': 503, 'height': 217}"
22,17c3042a44a8a1f930c6e064ef582ec6,57936275_438707693340385_6958079789206369650_n.jpg,1556457395,231602739,17c3042a44a8a1f930c6e064ef582ec6,Female,20,WHITE,"{'width': 111, 'top': 370, 'left': 443, 'height': 111}"
