,Image_name,Gender,Age,Ethnicity,Bounding Box,Face_token
0,16122509_1382665448472066_1189619685163794432_n.jpg,Male,25,INDIA,"{'width': 267, 'top': 464, 'left': -14, 'height': 267}",68a11cb2fce88d9259a245629274560b
1,16122509_1382665448472066_1189619685163794432_n.jpg,Male,30,ASIAN,"{'width': 220, 'top': 341, 'left': 881, 'height': 220}",6514b39e241ad2e0f602c0f9a3fce96e
2,16122509_1382665448472066_1189619685163794432_n.jpg,Female,25,ASIAN,"{'width': 148, 'top': 491, 'left': 234, 'height': 148}",dcbb21e7f7194e10ec930179187354c4
3,16122509_1382665448472066_1189619685163794432_n.jpg,Male,29,ASIAN,"{'width': 119, 'top': 274, 'left': 787, 'height': 119}",a45101d367ac21059e74a05c2a34d960
4,16122509_1382665448472066_1189619685163794432_n.jpg,Female,23,ASIAN,"{'width': 99, 'top': 281, 'left': 217, 'height': 99}",338366619e81de8c32014c5e908c285b
5,23966804_320843471726746_7606960674098380800_n.jpg,Male,46,BLACK,"{'width': 267, 'top': 476, 'left': 274, 'height': 267}",40ae658a563e584268e95bace960343f
6,23966804_320843471726746_7606960674098380800_n.jpg,Female,41,ASIAN,"{'width': 80, 'top': 282, 'left': 134, 'height': 80}",aa15643355d4d0b3c2f4431ac346e6d5
7,23966804_320843471726746_7606960674098380800_n.jpg,Female,27,ASIAN,"{'width': 78, 'top': 296, 'left': 916, 'height': 78}",35d4e90e3cc2ce960f430326cbd30d9e
8,23966804_320843471726746_7606960674098380800_n.jpg,Female,56,ASIAN,"{'width': 64, 'top': 233, 'left': 297, 'height': 64}",516a7902b1f1618408bad7cdd50bb381
9,23966804_320843471726746_7606960674098380800_n.jpg,Female,50,ASIAN,"{'width': 63, 'top': 226, 'left': 862, 'height': 63}",44e494a43e7ed50a4a48ecccea420141
10,25037679_1593134127447402_8090951699641925632_n.jpg,Male,43,BLACK,"{'width': 313, 'top': 676, 'left': 91, 'height': 313}",128617046a136e435e22e70aad72d168
11,25037679_1593134127447402_8090951699641925632_n.jpg,Female,51,ASIAN,"{'width': 145, 'top': 523, 'left': 778, 'height': 145}",3d16cf4a2e7063d6ebba60a98cc93b0f
12,25037679_1593134127447402_8090951699641925632_n.jpg,Female,36,ASIAN,"{'width': 90, 'top': 367, 'left': 718, 'height': 90}",7488084772aa7cfaab7c159840986ca3
13,25037679_1593134127447402_8090951699641925632_n.jpg,Female,26,ASIAN,"{'width': 81, 'top': 389, 'left': 133, 'height': 81}",225a47c56960690a5eef2660e42b0aa5
14,25037679_1593134127447402_8090951699641925632_n.jpg,Female,29,ASIAN,"{'width': 74, 'top': 271, 'left': 629, 'height': 74}",6967fe5469b8de5d244bb2085611cab8
15,38165396_637069633334536_5082213700182474752_n.jpg,Female,42,BLACK,"{'width': 34, 'top': 566, 'left': 786, 'height': 34}",23d762fbf09f18a731ce9c0c95c8bc93
16,44481571_337647333701715_7258962497659358405_n.jpg,Male,29,ASIAN,"{'width': 63, 'top': 350, 'left': 852, 'height': 63}",4666defe3bd0ea2bc2c23bed0f3e83da
17,44481571_337647333701715_7258962497659358405_n.jpg,Male,28,WHITE,"{'width': 58, 'top': 296, 'left': 97, 'height': 58}",44d654937750a119e2b442dc20207315
18,44481571_337647333701715_7258962497659358405_n.jpg,Male,33,ASIAN,"{'width': 58, 'top': 359, 'left': 406, 'height': 58}",2d1e0326efd15f9014b4290e3142b975
19,44481571_337647333701715_7258962497659358405_n.jpg,Male,32,ASIAN,"{'width': 53, 'top': 333, 'left': 671, 'height': 53}",fd7b4cd107a65904ddc0a29b8a50b8e4
20,44481571_337647333701715_7258962497659358405_n.jpg,Female,25,ASIAN,"{'width': 51, 'top': 358, 'left': 320, 'height': 51}",7693cf709fdf98aee22fd30f62adb0f5
21,44651384_2708130529412453_5233802585996009663_n.jpg,Male,46,ASIAN,"{'width': 52, 'top': 494, 'left': 462, 'height': 52}",a6897747294d40673a9b7efbd68908b9
22,44651384_2708130529412453_5233802585996009663_n.jpg,Male,22,ASIAN,"{'width': 45, 'top': 547, 'left': 646, 'height': 45}",67cae9fbee87cde55bf4399bcd3ce7a9
23,44651384_2708130529412453_5233802585996009663_n.jpg,Male,38,ASIAN,"{'width': 44, 'top': 500, 'left': 784, 'height': 44}",09d5ca5baa870561280e22554c26d8f1
24,44651384_2708130529412453_5233802585996009663_n.jpg,Male,23,ASIAN,"{'width': 43, 'top': 492, 'left': 676, 'height': 43}",699d22e79b84b66943f4a5cc46dff3c7
25,44651384_2708130529412453_5233802585996009663_n.jpg,Male,44,ASIAN,"{'width': 44, 'top': 517, 'left': 559, 'height': 44}",59e2107f8c56018c0ce7873e0c44ae51
26,52669057_365056470750942_350017970442983175_n.jpg,Male,24,ASIAN,"{'width': 54, 'top': 127, 'left': 311, 'height': 54}",59371b1054a885626b96fd4a864313db
27,52669057_365056470750942_350017970442983175_n.jpg,Female,37,ASIAN,"{'width': 36, 'top': 121, 'left': 270, 'height': 36}",e93136ae3519ed5c670279b8fd4e4565
28,53716613_126206338474180_7817920954826441764_n.jpg,Male,23,BLACK,"{'width': 79, 'top': 231, 'left': 824, 'height': 79}",b26bf18e0eed1542d6cc3c62ee382b19
29,53716613_126206338474180_7817920954826441764_n.jpg,Male,31,ASIAN,"{'width': 77, 'top': 344, 'left': 711, 'height': 77}",e690f0a6f53d6bb6e86c6aed2d50326c
30,53716613_126206338474180_7817920954826441764_n.jpg,Female,26,ASIAN,"{'width': 64, 'top': 348, 'left': 318, 'height': 64}",48ebab8d8ce1603442ca70fcaea17e5e
31,53716613_126206338474180_7817920954826441764_n.jpg,Female,28,ASIAN,"{'width': 63, 'top': 350, 'left': 531, 'height': 63}",631f0fe7072eecee31f963998d27f42c
32,53716613_126206338474180_7817920954826441764_n.jpg,Male,29,INDIA,"{'width': 61, 'top': 213, 'left': 267, 'height': 61}",c74a0159153cde166044a2ebb62ee80c
33,56915860_458430294895703_5252241806250688850_n.jpg,Female,23,WHITE,"{'width': 73, 'top': 629, 'left': 665, 'height': 73}",477c2fc518e16bc6a0c452dd026509b7
34,57128454_1070103453176522_682416490815719712_n.jpg,Female,23,WHITE,"{'width': 336, 'top': 411, 'left': 57, 'height': 336}",8059ade743c6397720b400715f82b188
35,57156350_590700984759831_175584227388037086_n.jpg,Female,21,WHITE,"{'width': 84, 'top': 179, 'left': 624, 'height': 84}",2216218cd3ec87267e02ec3bb29cb8a6
36,57156350_590700984759831_175584227388037086_n.jpg,Female,22,WHITE,"{'width': 77, 'top': 256, 'left': 359, 'height': 77}",c831df1c5d755bc0c0d2652ee83a5f60
37,57194657_462645127610403_9024083997668755750_n.jpg,Female,30,WHITE,"{'width': 53, 'top': 632, 'left': 462, 'height': 53}",18a586e530a6be5e64816c3d68531844
38,57198870_147312649648161_7850497492444538746_n.jpg,Female,20,ASIAN,"{'width': 122, 'top': 403, 'left': 677, 'height': 122}",f7c3d42982804fe5d181840b5373f58e
39,57198870_147312649648161_7850497492444538746_n.jpg,Female,24,BLACK,"{'width': 121, 'top': 383, 'left': 300, 'height': 121}",1225cc21790b1676f5b80d3537109882
40,57198870_147312649648161_7850497492444538746_n.jpg,Female,33,ASIAN,"{'width': 101, 'top': 412, 'left': 462, 'height': 101}",91dc2d2277719cccda2316af353fc234
41,57488067_520631485140036_22260223707659005_n.jpg,Female,22,ASIAN,"{'width': 217, 'top': 281, 'left': 503, 'height': 217}",7762ef95c2b2be18bf02ce5509c6a66e
42,57936275_438707693340385_6958079789206369650_n.jpg,Female,20,WHITE,"{'width': 111, 'top': 370, 'left': 443, 'height': 111}",17c3042a44a8a1f930c6e064ef582ec6
43,59451318_2027444100890104_3859772636942631023_n.jpg,Female,33,ASIAN,"{'width': 53, 'top': 513, 'left': 508, 'height': 53}",a69160aa3662715ab626e744ddea8cce
