,Image_name,Location_name,Insta_user_id,Metadata_src_file,Download_link,Timestamp
0,53716613_126206338474180_7817920954826441764_n.jpg,Singapore Botanic Gardens,272155281,1016421145,https://scontent-sin6-2.cdninstagram.com/vp/9cb1a3800e3f2d4cc1c62a91a03f7725/5D728C1E/t51.2885-15/e35/53716613_126206338474180_7817920954826441764_n.jpg?_nc_ht=scontent-sin6-2.cdninstagram.com,1554037927
1,16122509_1382665448472066_1189619685163794432_n.jpg,Singapore Botanic Gardens,43483916,1016421145,https://scontent-sin6-2.cdninstagram.com/vp/1e26453fd5e550f18d9fb1d5655f4072/5D5531BB/t51.2885-15/e35/16122509_1382665448472066_1189619685163794432_n.jpg?_nc_ht=scontent-sin6-2.cdninstagram.com,1484992811
2,23966804_320843471726746_7606960674098380800_n.jpg,Singapore Botanic Gardens,16561226,1016421145,https://scontent-sin6-2.cdninstagram.com/vp/1b8f267618ed9aeea16d868319553d24/5D678059/t51.2885-15/e35/23966804_320843471726746_7606960674098380800_n.jpg?_nc_ht=scontent-sin6-2.cdninstagram.com,1512053271
3,15035650_1674274919568771_8441491515703820288_n.jpg,Singapore Botanic Gardens,1953369,1016421145,https://scontent-sin6-2.cdninstagram.com/vp/28f6e454818413124512ff5d7ccee95a/5D51EB3A/t51.2885-15/e35/15035650_1674274919568771_8441491515703820288_n.jpg?_nc_ht=scontent-sin6-2.cdninstagram.com,1479293748
4,25037679_1593134127447402_8090951699641925632_n.jpg,Singapore Botanic Gardens,1252659765,1016421145,https://scontent-sin6-2.cdninstagram.com/vp/ecdca9518da9749e7b99d369ed95f1cd/5D5375F1/t51.2885-15/e35/25037679_1593134127447402_8090951699641925632_n.jpg?_nc_ht=scontent-sin6-2.cdninstagram.com,1513606665
5,38165396_637069633334536_5082213700182474752_n.jpg,Singapore Botanic Gardens,9789994,1016421145,https://scontent-sin6-2.cdninstagram.com/vp/5146194bc1e7e8050fd6fcbfb641f511/5D5F6FD2/t51.2885-15/e35/38165396_637069633334536_5082213700182474752_n.jpg?_nc_ht=scontent-sin6-2.cdninstagram.com,1533549141
6,37717449_241715396455984_5748321616933158912_n.jpg,Singapore Botanic Gardens,9789994,1016421145,https://scontent-sin6-2.cdninstagram.com/vp/ff0f8eb28e73b363776f63263d723d82/5D69539D/t51.2885-15/e35/37717449_241715396455984_5748321616933158912_n.jpg?_nc_ht=scontent-sin6-2.cdninstagram.com,1533548361
7,14350516_850190255116653_962757064_n.jpg,Singapore Botanic Gardens,1953369,1016421145,https://scontent-sin6-2.cdninstagram.com/vp/35ed00021f44a2f3be6d336fdbd29847/5D561A29/t51.2885-15/e35/14350516_850190255116653_962757064_n.jpg?_nc_ht=scontent-sin6-2.cdninstagram.com,1473816168
8,32203404_2452716861408971_8926884598961405952_n.jpg,Singapore Botanic Gardens,9789994,1016421145,https://scontent-sin6-2.cdninstagram.com/vp/271efaa4cbe05617f50afdf0d1807b1b/5D66A82F/t51.2885-15/e35/32203404_2452716861408971_8926884598961405952_n.jpg?_nc_ht=scontent-sin6-2.cdninstagram.com,1527124042
9,53716613_126206338474180_7817920954826441764_n.jpg,Singapore Botanic Gardens,272155281,1016421145,https://scontent-sin6-2.cdninstagram.com/vp/9cb1a3800e3f2d4cc1c62a91a03f7725/5D728C1E/t51.2885-15/e35/53716613_126206338474180_7817920954826441764_n.jpg?_nc_ht=scontent-sin6-2.cdninstagram.com,1554037927
10,52669057_365056470750942_350017970442983175_n.jpg,Singapore Botanic Gardens,188294184,482700082232258,https://scontent-sin6-2.cdninstagram.com/vp/f77f31c5fc028b3dc4377f034c866464/5D5C8806/t51.2885-15/e35/52669057_365056470750942_350017970442983175_n.jpg?_nc_ht=scontent-sin6-2.cdninstagram.com,1551672034
11,57186127_516491972214851_4797046270531815463_n.jpg,Singapore Botanic Gardens,49532406,482700082232258,https://scontent-sin6-2.cdninstagram.com/vp/a4fed7b02513bca345320c02b5fc2d94/5D5ADE73/t51.2885-15/e35/57186127_516491972214851_4797046270531815463_n.jpg?_nc_ht=scontent-sin6-2.cdninstagram.com,1556371505
12,44481571_337647333701715_7258962497659358405_n.jpg,Singapore Botanic Gardens,1244770083,482700082232258,https://scontent-sin6-2.cdninstagram.com/vp/fcdae4c8227003fa8449dc6ad3cd18db/5D5E14D1/t51.2885-15/e35/44481571_337647333701715_7258962497659358405_n.jpg?_nc_ht=scontent-sin6-2.cdninstagram.com,1542523244
13,45707223_348784879022878_580283413643915282_n.jpg,Singapore Botanic Gardens,229158291,482700082232258,https://scontent-sin6-2.cdninstagram.com/vp/6d7008ad0427709740a0e369cbf79692/5D531E75/t51.2885-15/e35/45707223_348784879022878_580283413643915282_n.jpg?_nc_ht=scontent-sin6-2.cdninstagram.com,1542116749
14,44651384_2708130529412453_5233802585996009663_n.jpg,Singapore Botanic Gardens,266522025,482700082232258,https://scontent-sin6-2.cdninstagram.com/vp/efde7b72379c7724b9a841604f5d6358/5D6A280A/t51.2885-15/e35/44651384_2708130529412453_5233802585996009663_n.jpg?_nc_ht=scontent-sin6-2.cdninstagram.com,1542012967
15,44531716_258501664777486_5110731930840596480_n.jpg,Singapore Botanic Gardens,241379500,482700082232258,https://scontent-sin6-2.cdninstagram.com/vp/a1e0eb271482856693ff766bc3144117/5D5F5A77/t51.2885-15/e35/44531716_258501664777486_5110731930840596480_n.jpg?_nc_ht=scontent-sin6-2.cdninstagram.com,1542516520
16,47693863_151487692506171_2779236257084096143_n.jpg,Singapore Botanic Gardens,1409331994,482700082232258,https://scontent-sin6-2.cdninstagram.com/vp/81315358656a0d333a318b265488e2a2/5D63BB4D/t51.2885-15/e35/47693863_151487692506171_2779236257084096143_n.jpg?_nc_ht=scontent-sin6-2.cdninstagram.com,1547309127
17,52546846_1394975694011355_4597566735678496809_n.jpg,Singapore Botanic Gardens,27679043,482700082232258,https://scontent-sin6-2.cdninstagram.com/vp/cc65ca45ac396d89fef580c73ec6d8ba/5D6B0F8E/t51.2885-15/e35/52546846_1394975694011355_4597566735678496809_n.jpg?_nc_ht=scontent-sin6-2.cdninstagram.com,1551761248
18,58453817_445764879491753_8635759690200271182_n.jpg,Singapore Botanic Gardens,627509248,482700082232258,https://scontent-sin6-2.cdninstagram.com/vp/fe53f1730c538e0cd06f2ae4e9dbeca4/5CC9F542/t51.2885-15/e35/58453817_445764879491753_8635759690200271182_n.jpg?_nc_ht=scontent-sin6-2.cdninstagram.com,1556455956
19,58453817_445764879491753_8635759690200271182_n.jpg,Singapore Botanic Gardens,627509248,482700082232258,https://scontent-sin6-2.cdninstagram.com/vp/fe53f1730c538e0cd06f2ae4e9dbeca4/5CC9F542/t51.2885-15/e35/58453817_445764879491753_8635759690200271182_n.jpg?_nc_ht=scontent-sin6-2.cdninstagram.com,1556455956
20,57936275_438707693340385_6958079789206369650_n.jpg,Singapore Botanic Gardens,231602739,329567,https://scontent-sin6-2.cdninstagram.com/vp/81354d5f8a63ec59c40a1b3ac79d580a/5D552327/t51.2885-15/e35/57936275_438707693340385_6958079789206369650_n.jpg?_nc_ht=scontent-sin6-2.cdninstagram.com,1556457395
21,57156350_590700984759831_175584227388037086_n.jpg,Singapore Botanic Gardens,3126291584,329567,https://scontent-sin6-2.cdninstagram.com/vp/34d63e76c45de4ea976364f4c8806e88/5D68D75D/t51.2885-15/e35/57156350_590700984759831_175584227388037086_n.jpg?_nc_ht=scontent-sin6-2.cdninstagram.com,1556472737
22,59451318_2027444100890104_3859772636942631023_n.jpg,Singapore Botanic Gardens,187655432,329567,https://scontent-sin6-2.cdninstagram.com/vp/c62684dbaad3e4405845c9fce471ee2d/5D5F8941/t51.2885-15/e35/59451318_2027444100890104_3859772636942631023_n.jpg?_nc_ht=scontent-sin6-2.cdninstagram.com,1556527693
23,57194657_462645127610403_9024083997668755750_n.jpg,Singapore Botanic Gardens,1519881986,329567,https://scontent-sin6-2.cdninstagram.com/vp/7c3b6b3e21871cb4fb56621943259514/5D531BE7/t51.2885-15/e35/57194657_462645127610403_9024083997668755750_n.jpg?_nc_ht=scontent-sin6-2.cdninstagram.com,1556215774
24,57198870_147312649648161_7850497492444538746_n.jpg,Singapore Botanic Gardens,1255135159,329567,https://scontent-sin6-2.cdninstagram.com/vp/d873c75823996605df8b64d9a7382167/5D6D2FE0/t51.2885-15/e35/57198870_147312649648161_7850497492444538746_n.jpg?_nc_ht=scontent-sin6-2.cdninstagram.com,1556459395
25,56915860_458430294895703_5252241806250688850_n.jpg,Singapore Botanic Gardens,1150624715,329567,https://scontent-sin6-2.cdninstagram.com/vp/093c0e543ede76316c0ae3e2c379bbf7/5D67E495/t51.2885-15/e35/56915860_458430294895703_5252241806250688850_n.jpg?_nc_ht=scontent-sin6-2.cdninstagram.com,1556497450
26,57488067_520631485140036_22260223707659005_n.jpg,Singapore Botanic Gardens,298460520,329567,https://scontent-sin6-2.cdninstagram.com/vp/48c455b36ed41cc839f69a21d022f21e/5D5DE7CA/t51.2885-15/e35/57488067_520631485140036_22260223707659005_n.jpg?_nc_ht=scontent-sin6-2.cdninstagram.com,1556361772
27,58409666_289051608694289_4302642619877674688_n.jpg,Singapore Botanic Gardens,277104492,329567,https://scontent-sin6-2.cdninstagram.com/vp/34be556c3c073bffbf79ce4ecbf19ca4/5D55811A/t51.2885-15/e35/58409666_289051608694289_4302642619877674688_n.jpg?_nc_ht=scontent-sin6-2.cdninstagram.com,1556493035
28,57128454_1070103453176522_682416490815719712_n.jpg,Singapore Botanic Gardens,2094514766,329567,https://scontent-sin6-2.cdninstagram.com/vp/198ecfa0798c74e7c436ff00455b7564/5D544C69/t51.2885-15/e35/57128454_1070103453176522_682416490815719712_n.jpg?_nc_ht=scontent-sin6-2.cdninstagram.com,1556458993
29,18298337_1827679130888108_3577468317436215296_n.jpg,Singapore Botanic Gardens,237569528,329567,https://scontent-sin6-2.cdninstagram.com/vp/62337173936d86b921b46ff1a35831db/5D5222FB/t51.2885-15/e35/18298337_1827679130888108_3577468317436215296_n.jpg?_nc_ht=scontent-sin6-2.cdninstagram.com,1494168406
